,FlightNumber,Date,BoosterVersion,PayloadMass,Orbit,LaunchSite,Outcome,Flights,GridFins,Reused,Legs,LandingPad,Block,ReusedCount,Serial,Longitude,Latitude,Class,Orbit_ES-L1,Orbit_GEO,Orbit_GTO,Orbit_HEO,Orbit_ISS,Orbit_LEO,Orbit_MEO,Orbit_PO,Orbit_SO,Orbit_SSO,Orbit_VLEO,LaunchSite_CCAFS SLC 40,LaunchSite_KSC LC 39A,LaunchSite_VAFB SLC 4E,LandingPad_5e9e3032383ecb267a34e7c7,LandingPad_5e9e3032383ecb554034e7c9,LandingPad_5e9e3032383ecb6bb234e7ca,LandingPad_5e9e3032383ecb761634e7cb,LandingPad_5e9e3033383ecbb9e534e7cc
0,1,2010,Falcon 9,6104.959411764706,LEO,CCAFS SLC 40,None None,1,False,False,False,,1.0,0,B0003,-80.577366,28.5618571,0,0.0,0.0,0.0,0.0,0.0,1.0,0.0,0.0,0.0,0.0,0.0,1.0,0.0,0.0,0.0,0.0,0.0,0.0,0.0
1,2,2012,Falcon 9,525.0,LEO,CCAFS SLC 40,None None,1,False,False,False,,1.0,0,B0005,-80.577366,28.5618571,0,0.0,0.0,0.0,0.0,0.0,1.0,0.0,0.0,0.0,0.0,0.0,1.0,0.0,0.0,0.0,0.0,0.0,0.0,0.0
2,3,2013,Falcon 9,677.0,ISS,CCAFS SLC 40,None None,1,False,False,False,,1.0,0,B0007,-80.577366,28.5618571,0,0.0,0.0,0.0,0.0,1.0,0.0,0.0,0.0,0.0,0.0,0.0,1.0,0.0,0.0,0.0,0.0,0.0,0.0,0.0
3,4,2013,Falcon 9,500.0,PO,VAFB SLC 4E,False Ocean,1,False,False,False,,1.0,0,B1003,-120.610829,34.632093,0,0.0,0.0,0.0,0.0,0.0,0.0,0.0,1.0,0.0,0.0,0.0,0.0,0.0,1.0,0.0,0.0,0.0,0.0,0.0
4,5,2013,Falcon 9,3170.0,GTO,CCAFS SLC 40,None None,1,False,False,False,,1.0,0,B1004,-80.577366,28.5618571,0,0.0,0.0,1.0,0.0,0.0,0.0,0.0,0.0,0.0,0.0,0.0,1.0,0.0,0.0,0.0,0.0,0.0,0.0,0.0
5,6,2014,Falcon 9,3325.0,GTO,CCAFS SLC 40,None None,1,False,False,False,,1.0,0,B1005,-80.577366,28.5618571,0,0.0,0.0,1.0,0.0,0.0,0.0,0.0,0.0,0.0,0.0,0.0,1.0,0.0,0.0,0.0,0.0,0.0,0.0,0.0
6,7,2014,Falcon 9,2296.0,ISS,CCAFS SLC 40,True Ocean,1,False,False,True,,1.0,0,B1006,-80.577366,28.5618571,1,0.0,0.0,0.0,0.0,1.0,0.0,0.0,0.0,0.0,0.0,0.0,1.0,0.0,0.0,0.0,0.0,0.0,0.0,0.0
7,8,2014,Falcon 9,1316.0,LEO,CCAFS SLC 40,True Ocean,1,False,False,True,,1.0,0,B1007,-80.577366,28.5618571,1,0.0,0.0,0.0,0.0,0.0,1.0,0.0,0.0,0.0,0.0,0.0,1.0,0.0,0.0,0.0,0.0,0.0,0.0,0.0
8,9,2014,Falcon 9,4535.0,GTO,CCAFS SLC 40,None None,1,False,False,False,,1.0,0,B1008,-80.577366,28.5618571,0,0.0,0.0,1.0,0.0,0.0,0.0,0.0,0.0,0.0,0.0,0.0,1.0,0.0,0.0,0.0,0.0,0.0,0.0,0.0
9,10,2014,Falcon 9,4428.0,GTO,CCAFS SLC 40,None None,1,False,False,False,,1.0,0,B1011,-80.577366,28.5618571,0,0.0,0.0,1.0,0.0,0.0,0.0,0.0,0.0,0.0,0.0,0.0,1.0,0.0,0.0,0.0,0.0,0.0,0.0,0.0
10,11,2014,Falcon 9,2216.0,ISS,CCAFS SLC 40,False Ocean,1,False,False,False,,1.0,0,B1010,-80.577366,28.5618571,0,0.0,0.0,0.0,0.0,1.0,0.0,0.0,0.0,0.0,0.0,0.0,1.0,0.0,0.0,0.0,0.0,0.0,0.0,0.0
11,12,2015,Falcon 9,2395.0,ISS,CCAFS SLC 40,False ASDS,1,True,False,True,5e9e3032383ecb761634e7cb,1.0,0,B1012,-80.577366,28.5618571,0,0.0,0.0,0.0,0.0,1.0,0.0,0.0,0.0,0.0,0.0,0.0,1.0,0.0,0.0,0.0,0.0,0.0,1.0,0.0
12,13,2015,Falcon 9,570.0,ES-L1,CCAFS SLC 40,True Ocean,1,True,False,True,,1.0,0,B1013,-80.577366,28.5618571,1,1.0,0.0,0.0,0.0,0.0,0.0,0.0,0.0,0.0,0.0,0.0,1.0,0.0,0.0,0.0,0.0,0.0,0.0,0.0
13,14,2015,Falcon 9,1898.0,ISS,CCAFS SLC 40,False ASDS,1,True,False,True,5e9e3032383ecb761634e7cb,1.0,0,B1015,-80.577366,28.5618571,0,0.0,0.0,0.0,0.0,1.0,0.0,0.0,0.0,0.0,0.0,0.0,1.0,0.0,0.0,0.0,0.0,0.0,1.0,0.0
14,15,2015,Falcon 9,4707.0,GTO,CCAFS SLC 40,None None,1,False,False,False,,1.0,0,B1016,-80.577366,28.5618571,0,0.0,0.0,1.0,0.0,0.0,0.0,0.0,0.0,0.0,0.0,0.0,1.0,0.0,0.0,0.0,0.0,0.0,0.0,0.0
15,16,2015,Falcon 9,2477.0,ISS,CCAFS SLC 40,None ASDS,1,True,False,True,5e9e3032383ecb6bb234e7ca,1.0,0,B1018,-80.577366,28.5618571,0,0.0,0.0,0.0,0.0,1.0,0.0,0.0,0.0,0.0,0.0,0.0,1.0,0.0,0.0,0.0,0.0,1.0,0.0,0.0
16,17,2015,Falcon 9,2034.0,LEO,CCAFS SLC 40,True RTLS,1,True,False,True,5e9e3032383ecb267a34e7c7,1.0,0,B1019,-80.577366,28.5618571,1,0.0,0.0,0.0,0.0,0.0,1.0,0.0,0.0,0.0,0.0,0.0,1.0,0.0,0.0,1.0,0.0,0.0,0.0,0.0
17,18,2016,Falcon 9,553.0,PO,VAFB SLC 4E,False ASDS,1,True,False,True,5e9e3033383ecbb9e534e7cc,1.0,0,B1017,-120.610829,34.632093,0,0.0,0.0,0.0,0.0,0.0,0.0,0.0,1.0,0.0,0.0,0.0,0.0,0.0,1.0,0.0,0.0,0.0,0.0,1.0
18,19,2016,Falcon 9,5271.0,GTO,CCAFS SLC 40,False ASDS,1,True,False,True,5e9e3032383ecb6bb234e7ca,1.0,0,B1020,-80.577366,28.5618571,0,0.0,0.0,1.0,0.0,0.0,0.0,0.0,0.0,0.0,0.0,0.0,1.0,0.0,0.0,0.0,0.0,1.0,0.0,0.0
19,20,2016,Falcon 9,3136.0,ISS,CCAFS SLC 40,True ASDS,1,True,False,True,5e9e3032383ecb6bb234e7ca,2.0,1,B1021,-80.577366,28.5618571,1,0.0,0.0,0.0,0.0,1.0,0.0,0.0,0.0,0.0,0.0,0.0,1.0,0.0,0.0,0.0,0.0,1.0,0.0,0.0
20,21,2016,Falcon 9,4696.0,GTO,CCAFS SLC 40,True ASDS,1,True,False,True,5e9e3032383ecb6bb234e7ca,2.0,0,B1022,-80.577366,28.5618571,1,0.0,0.0,1.0,0.0,0.0,0.0,0.0,0.0,0.0,0.0,0.0,1.0,0.0,0.0,0.0,0.0,1.0,0.0,0.0
21,22,2016,Falcon 9,3100.0,GTO,CCAFS SLC 40,True ASDS,1,True,False,True,5e9e3032383ecb6bb234e7ca,2.0,1,B1023,-80.577366,28.5618571,1,0.0,0.0,1.0,0.0,0.0,0.0,0.0,0.0,0.0,0.0,0.0,1.0,0.0,0.0,0.0,0.0,1.0,0.0,0.0
22,23,2016,Falcon 9,2257.0,ISS,CCAFS SLC 40,True RTLS,1,True,False,True,5e9e3032383ecb267a34e7c7,2.0,1,B1025,-80.577366,28.5618571,1,0.0,0.0,0.0,0.0,1.0,0.0,0.0,0.0,0.0,0.0,0.0,1.0,0.0,0.0,1.0,0.0,0.0,0.0,0.0
23,24,2016,Falcon 9,4600.0,GTO,CCAFS SLC 40,True ASDS,1,True,False,True,5e9e3032383ecb6bb234e7ca,2.0,0,B1026,-80.577366,28.5618571,1,0.0,0.0,1.0,0.0,0.0,0.0,0.0,0.0,0.0,0.0,0.0,1.0,0.0,0.0,0.0,0.0,1.0,0.0,0.0
24,25,2016,Falcon 9,5500.0,GTO,CCAFS SLC 40,None ASDS,1,True,False,True,5e9e3032383ecb6bb234e7ca,3.0,0,B1028,-80.577366,28.5618571,0,0.0,0.0,1.0,0.0,0.0,0.0,0.0,0.0,0.0,0.0,0.0,1.0,0.0,0.0,0.0,0.0,1.0,0.0,0.0
25,26,2017,Falcon 9,9600.0,PO,VAFB SLC 4E,True ASDS,1,True,False,True,5e9e3033383ecbb9e534e7cc,3.0,1,B1029,-120.610829,34.632093,1,0.0,0.0,0.0,0.0,0.0,0.0,0.0,1.0,0.0,0.0,0.0,0.0,0.0,1.0,0.0,0.0,0.0,0.0,1.0
26,27,2017,Falcon 9,2490.0,ISS,KSC LC 39A,True RTLS,1,True,False,True,5e9e3032383ecb267a34e7c7,3.0,1,B1031,-80.6039558,28.6080585,1,0.0,0.0,0.0,0.0,1.0,0.0,0.0,0.0,0.0,0.0,0.0,0.0,1.0,0.0,1.0,0.0,0.0,0.0,0.0
27,28,2017,Falcon 9,5600.0,GTO,KSC LC 39A,None None,1,False,False,False,,3.0,0,B1030,-80.6039558,28.6080585,0,0.0,0.0,1.0,0.0,0.0,0.0,0.0,0.0,0.0,0.0,0.0,0.0,1.0,0.0,0.0,0.0,0.0,0.0,0.0
28,29,2017,Falcon 9,5300.0,GTO,KSC LC 39A,True ASDS,2,True,True,True,5e9e3032383ecb6bb234e7ca,2.0,1,B1021,-80.6039558,28.6080585,1,0.0,0.0,1.0,0.0,0.0,0.0,0.0,0.0,0.0,0.0,0.0,0.0,1.0,0.0,0.0,0.0,1.0,0.0,0.0
29,30,2017,Falcon 9,6104.959411764706,LEO,KSC LC 39A,True RTLS,1,True,False,True,5e9e3032383ecb267a34e7c7,3.0,1,B1032,-80.6039558,28.6080585,1,0.0,0.0,0.0,0.0,0.0,1.0,0.0,0.0,0.0,0.0,0.0,0.0,1.0,0.0,1.0,0.0,0.0,0.0,0.0
30,31,2017,Falcon 9,6070.0,GTO,KSC LC 39A,None None,1,False,False,False,,3.0,0,B1034,-80.6039558,28.6080585,0,0.0,0.0,1.0,0.0,0.0,0.0,0.0,0.0,0.0,0.0,0.0,0.0,1.0,0.0,0.0,0.0,0.0,0.0,0.0
31,32,2017,Falcon 9,2708.0,ISS,KSC LC 39A,True RTLS,1,True,False,True,5e9e3032383ecb267a34e7c7,3.0,1,B1035,-80.6039558,28.6080585,1,0.0,0.0,0.0,0.0,1.0,0.0,0.0,0.0,0.0,0.0,0.0,0.0,1.0,0.0,1.0,0.0,0.0,0.0,0.0
32,33,2017,Falcon 9,3669.0,GTO,KSC LC 39A,True ASDS,2,True,True,True,5e9e3032383ecb6bb234e7ca,3.0,1,B1029,-80.6039558,28.6080585,1,0.0,0.0,1.0,0.0,0.0,0.0,0.0,0.0,0.0,0.0,0.0,0.0,1.0,0.0,0.0,0.0,1.0,0.0,0.0
33,34,2017,Falcon 9,9600.0,PO,VAFB SLC 4E,True ASDS,1,True,False,True,5e9e3033383ecbb9e534e7cc,3.0,1,B1036,-120.610829,34.632093,1,0.0,0.0,0.0,0.0,0.0,0.0,0.0,1.0,0.0,0.0,0.0,0.0,0.0,1.0,0.0,0.0,0.0,0.0,1.0
34,35,2017,Falcon 9,6761.0,GTO,KSC LC 39A,None None,1,False,False,False,,3.0,0,B1037,-80.6039558,28.6080585,0,0.0,0.0,1.0,0.0,0.0,0.0,0.0,0.0,0.0,0.0,0.0,0.0,1.0,0.0,0.0,0.0,0.0,0.0,0.0
35,36,2017,Falcon 9,2910.0,ISS,KSC LC 39A,True RTLS,1,True,False,True,5e9e3032383ecb267a34e7c7,4.0,1,B1039,-80.6039558,28.6080585,1,0.0,0.0,0.0,0.0,1.0,0.0,0.0,0.0,0.0,0.0,0.0,0.0,1.0,0.0,1.0,0.0,0.0,0.0,0.0
36,37,2017,Falcon 9,475.0,SSO,VAFB SLC 4E,True ASDS,1,True,False,True,5e9e3033383ecbb9e534e7cc,3.0,1,B1038,-120.610829,34.632093,1,0.0,0.0,0.0,0.0,0.0,0.0,0.0,0.0,0.0,1.0,0.0,0.0,0.0,1.0,0.0,0.0,0.0,0.0,1.0
37,38,2017,Falcon 9,4990.0,LEO,KSC LC 39A,True RTLS,1,True,False,True,5e9e3032383ecb267a34e7c7,4.0,1,B1040,-80.6039558,28.6080585,1,0.0,0.0,0.0,0.0,0.0,1.0,0.0,0.0,0.0,0.0,0.0,0.0,1.0,0.0,1.0,0.0,0.0,0.0,0.0
38,39,2017,Falcon 9,9600.0,PO,VAFB SLC 4E,True ASDS,1,True,False,True,5e9e3033383ecbb9e534e7cc,4.0,1,B1041,-120.610829,34.632093,1,0.0,0.0,0.0,0.0,0.0,0.0,0.0,1.0,0.0,0.0,0.0,0.0,0.0,1.0,0.0,0.0,0.0,0.0,1.0
39,40,2017,Falcon 9,5200.0,GTO,KSC LC 39A,True ASDS,2,True,True,True,5e9e3032383ecb6bb234e7ca,3.0,1,B1031,-80.6039558,28.6080585,1,0.0,0.0,1.0,0.0,0.0,0.0,0.0,0.0,0.0,0.0,0.0,0.0,1.0,0.0,0.0,0.0,1.0,0.0,0.0
40,41,2017,Falcon 9,3700.0,GTO,KSC LC 39A,True ASDS,1,True,False,True,5e9e3032383ecb6bb234e7ca,4.0,0,B1042,-80.6039558,28.6080585,1,0.0,0.0,1.0,0.0,0.0,0.0,0.0,0.0,0.0,0.0,0.0,0.0,1.0,0.0,0.0,0.0,1.0,0.0,0.0
41,42,2017,Falcon 9,2205.0,ISS,CCAFS SLC 40,True RTLS,2,True,True,True,5e9e3032383ecb267a34e7c7,3.0,1,B1035,-80.577366,28.5618571,1,0.0,0.0,0.0,0.0,1.0,0.0,0.0,0.0,0.0,0.0,0.0,1.0,0.0,0.0,1.0,0.0,0.0,0.0,0.0
42,43,2017,Falcon 9,9600.0,PO,VAFB SLC 4E,True Ocean,2,True,True,False,,3.0,1,B1036,-120.610829,34.632093,1,0.0,0.0,0.0,0.0,0.0,0.0,0.0,1.0,0.0,0.0,0.0,0.0,0.0,1.0,0.0,0.0,0.0,0.0,0.0
43,44,2018,Falcon 9,6104.959411764706,LEO,CCAFS SLC 40,True RTLS,1,True,False,True,5e9e3032383ecb267a34e7c7,4.0,1,B1043,-80.577366,28.5618571,1,0.0,0.0,0.0,0.0,0.0,1.0,0.0,0.0,0.0,0.0,0.0,1.0,0.0,0.0,1.0,0.0,0.0,0.0,0.0
44,45,2018,Falcon 9,4230.0,GTO,CCAFS SLC 40,True Ocean,2,True,True,True,,3.0,1,B1032,-80.577366,28.5618571,1,0.0,0.0,1.0,0.0,0.0,0.0,0.0,0.0,0.0,0.0,0.0,1.0,0.0,0.0,0.0,0.0,0.0,0.0,0.0
45,46,2018,Falcon 9,6092.0,GTO,CCAFS SLC 40,None None,1,True,False,True,,4.0,0,B1044,-80.577366,28.5618571,0,0.0,0.0,1.0,0.0,0.0,0.0,0.0,0.0,0.0,0.0,0.0,1.0,0.0,0.0,0.0,0.0,0.0,0.0,0.0
46,47,2018,Falcon 9,9600.0,PO,VAFB SLC 4E,None None,2,True,True,True,,4.0,1,B1041,-120.610829,34.632093,0,0.0,0.0,0.0,0.0,0.0,0.0,0.0,1.0,0.0,0.0,0.0,0.0,0.0,1.0,0.0,0.0,0.0,0.0,0.0
47,48,2018,Falcon 9,2760.0,ISS,CCAFS SLC 40,None None,2,True,True,True,,4.0,1,B1039,-80.577366,28.5618571,0,0.0,0.0,0.0,0.0,1.0,0.0,0.0,0.0,0.0,0.0,0.0,1.0,0.0,0.0,0.0,0.0,0.0,0.0,0.0
48,49,2018,Falcon 9,350.0,HEO,CCAFS SLC 40,True ASDS,1,True,False,True,5e9e3032383ecb6bb234e7ca,4.0,1,B1045,-80.577366,28.5618571,1,0.0,0.0,0.0,1.0,0.0,0.0,0.0,0.0,0.0,0.0,0.0,1.0,0.0,0.0,0.0,0.0,1.0,0.0,0.0
49,50,2018,Falcon 9,3750.0,GTO,KSC LC 39A,True ASDS,1,True,False,True,5e9e3032383ecb6bb234e7ca,5.0,3,B1046,-80.6039558,28.6080585,1,0.0,0.0,1.0,0.0,0.0,0.0,0.0,0.0,0.0,0.0,0.0,0.0,1.0,0.0,0.0,0.0,1.0,0.0,0.0
50,51,2018,Falcon 9,5383.85,GTO,CCAFS SLC 40,None None,2,False,True,False,,4.0,1,B1040,-80.577366,28.5618571,0,0.0,0.0,1.0,0.0,0.0,0.0,0.0,0.0,0.0,0.0,0.0,1.0,0.0,0.0,0.0,0.0,0.0,0.0,0.0
51,52,2018,Falcon 9,2410.0,ISS,CCAFS SLC 40,None None,2,False,True,False,,4.0,1,B1045,-80.577366,28.5618571,0,0.0,0.0,0.0,0.0,1.0,0.0,0.0,0.0,0.0,0.0,0.0,1.0,0.0,0.0,0.0,0.0,0.0,0.0,0.0
52,53,2018,Falcon 9,7076.0,GTO,CCAFS SLC 40,True ASDS,1,True,False,True,5e9e3032383ecb6bb234e7ca,5.0,2,B1047,-80.577366,28.5618571,1,0.0,0.0,1.0,0.0,0.0,0.0,0.0,0.0,0.0,0.0,0.0,1.0,0.0,0.0,0.0,0.0,1.0,0.0,0.0
53,54,2018,Falcon 9,9600.0,PO,VAFB SLC 4E,True ASDS,1,True,False,True,5e9e3033383ecbb9e534e7cc,5.0,4,B1048,-120.610829,34.632093,1,0.0,0.0,0.0,0.0,0.0,0.0,0.0,1.0,0.0,0.0,0.0,0.0,0.0,1.0,0.0,0.0,0.0,0.0,1.0
54,55,2018,Falcon 9,5800.0,GTO,CCAFS SLC 40,True ASDS,2,True,True,True,5e9e3032383ecb6bb234e7ca,5.0,3,B1046,-80.577366,28.5618571,1,0.0,0.0,1.0,0.0,0.0,0.0,0.0,0.0,0.0,0.0,0.0,1.0,0.0,0.0,0.0,0.0,1.0,0.0,0.0
55,56,2018,Falcon 9,7060.0,GTO,CCAFS SLC 40,True ASDS,1,True,False,True,5e9e3032383ecb6bb234e7ca,5.0,5,B1049,-80.577366,28.5618571,1,0.0,0.0,1.0,0.0,0.0,0.0,0.0,0.0,0.0,0.0,0.0,1.0,0.0,0.0,0.0,0.0,1.0,0.0,0.0
56,57,2018,Falcon 9,2800.0,SSO,VAFB SLC 4E,True RTLS,2,True,True,True,5e9e3032383ecb554034e7c9,5.0,4,B1048,-120.610829,34.632093,1,0.0,0.0,0.0,0.0,0.0,0.0,0.0,0.0,0.0,1.0,0.0,0.0,0.0,1.0,0.0,1.0,0.0,0.0,0.0
57,58,2018,Falcon 9,3000.0,GTO,KSC LC 39A,True ASDS,2,True,True,True,5e9e3032383ecb6bb234e7ca,5.0,2,B1047,-80.6039558,28.6080585,1,0.0,0.0,1.0,0.0,0.0,0.0,0.0,0.0,0.0,0.0,0.0,0.0,1.0,0.0,0.0,0.0,1.0,0.0,0.0
58,59,2018,Falcon 9,4000.0,SSO,VAFB SLC 4E,True ASDS,3,True,True,True,5e9e3033383ecbb9e534e7cc,5.0,3,B1046,-120.610829,34.632093,1,0.0,0.0,0.0,0.0,0.0,0.0,0.0,0.0,0.0,1.0,0.0,0.0,0.0,1.0,0.0,0.0,0.0,0.0,1.0
59,60,2018,Falcon 9,2573.0,ISS,CCAFS SLC 40,False RTLS,1,True,False,True,5e9e3032383ecb267a34e7c7,5.0,0,B1050,-80.577366,28.5618571,0,0.0,0.0,0.0,0.0,1.0,0.0,0.0,0.0,0.0,0.0,0.0,1.0,0.0,0.0,1.0,0.0,0.0,0.0,0.0
60,61,2018,Falcon 9,4400.0,MEO,CCAFS SLC 40,None None,1,False,False,False,,5.0,0,B1054,-80.577366,28.5618571,0,0.0,0.0,0.0,0.0,0.0,0.0,1.0,0.0,0.0,0.0,0.0,1.0,0.0,0.0,0.0,0.0,0.0,0.0,0.0
61,62,2019,Falcon 9,9600.0,PO,VAFB SLC 4E,True ASDS,2,True,True,True,5e9e3033383ecbb9e534e7cc,5.0,5,B1049,-120.610829,34.632093,1,0.0,0.0,0.0,0.0,0.0,0.0,0.0,1.0,0.0,0.0,0.0,0.0,0.0,1.0,0.0,0.0,0.0,0.0,1.0
62,63,2019,Falcon 9,12259.0,ISS,KSC LC 39A,True ASDS,1,True,False,True,5e9e3032383ecb6bb234e7ca,5.0,5,B1051,-80.6039558,28.6080585,1,0.0,0.0,0.0,0.0,1.0,0.0,0.0,0.0,0.0,0.0,0.0,0.0,1.0,0.0,0.0,0.0,1.0,0.0,0.0
63,64,2019,Falcon 9,2482.0,ISS,CCAFS SLC 40,True ASDS,1,True,False,True,5e9e3032383ecb6bb234e7ca,5.0,3,B1056,-80.577366,28.5618571,1,0.0,0.0,0.0,0.0,1.0,0.0,0.0,0.0,0.0,0.0,0.0,1.0,0.0,0.0,0.0,0.0,1.0,0.0,0.0
64,65,2019,Falcon 9,13620.0,VLEO,CCAFS SLC 40,True ASDS,3,True,True,True,5e9e3032383ecb6bb234e7ca,5.0,5,B1049,-80.577366,28.5618571,1,0.0,0.0,0.0,0.0,0.0,0.0,0.0,0.0,0.0,0.0,1.0,1.0,0.0,0.0,0.0,0.0,1.0,0.0,0.0
65,66,2019,Falcon 9,1425.0,SSO,VAFB SLC 4E,True RTLS,2,True,True,True,5e9e3032383ecb554034e7c9,5.0,5,B1051,-120.610829,34.632093,1,0.0,0.0,0.0,0.0,0.0,0.0,0.0,0.0,0.0,1.0,0.0,0.0,0.0,1.0,0.0,1.0,0.0,0.0,0.0
66,67,2019,Falcon 9,2227.7,ISS,CCAFS SLC 40,True RTLS,2,True,True,True,5e9e3032383ecb267a34e7c7,5.0,3,B1056,-80.577366,28.5618571,1,0.0,0.0,0.0,0.0,1.0,0.0,0.0,0.0,0.0,0.0,0.0,1.0,0.0,0.0,1.0,0.0,0.0,0.0,0.0
67,68,2019,Falcon 9,6500.0,GTO,CCAFS SLC 40,None None,3,False,True,False,,5.0,2,B1047,-80.577366,28.5618571,0,0.0,0.0,1.0,0.0,0.0,0.0,0.0,0.0,0.0,0.0,0.0,1.0,0.0,0.0,0.0,0.0,0.0,0.0,0.0
68,69,2019,Falcon 9,15600.0,VLEO,CCAFS SLC 40,True ASDS,4,True,True,True,5e9e3032383ecb6bb234e7ca,5.0,4,B1048,-80.577366,28.5618571,1,0.0,0.0,0.0,0.0,0.0,0.0,0.0,0.0,0.0,0.0,1.0,1.0,0.0,0.0,0.0,0.0,1.0,0.0,0.0
69,70,2019,Falcon 9,5000.0,ISS,CCAFS SLC 40,True ASDS,1,True,False,True,5e9e3032383ecb6bb234e7ca,5.0,3,B1059,-80.577366,28.5618571,1,0.0,0.0,0.0,0.0,1.0,0.0,0.0,0.0,0.0,0.0,0.0,1.0,0.0,0.0,0.0,0.0,1.0,0.0,0.0
70,71,2019,Falcon 9,6800.0,GTO,CCAFS SLC 40,True ASDS,3,True,True,True,5e9e3032383ecb6bb234e7ca,5.0,3,B1056,-80.577366,28.5618571,1,0.0,0.0,1.0,0.0,0.0,0.0,0.0,0.0,0.0,0.0,0.0,1.0,0.0,0.0,0.0,0.0,1.0,0.0,0.0
71,72,2020,Falcon 9,15400.0,VLEO,CCAFS SLC 40,True ASDS,4,True,True,True,5e9e3032383ecb6bb234e7ca,5.0,5,B1049,-80.577366,28.5618571,1,0.0,0.0,0.0,0.0,0.0,0.0,0.0,0.0,0.0,0.0,1.0,1.0,0.0,0.0,0.0,0.0,1.0,0.0,0.0
72,73,2020,Falcon 9,6104.959411764706,SO,KSC LC 39A,None None,4,False,True,False,,5.0,3,B1046,-80.6039558,28.6080585,0,0.0,0.0,0.0,0.0,0.0,0.0,0.0,0.0,1.0,0.0,0.0,0.0,1.0,0.0,0.0,0.0,0.0,0.0,0.0
73,74,2020,Falcon 9,15600.0,VLEO,CCAFS SLC 40,True ASDS,3,True,True,True,5e9e3032383ecb6bb234e7ca,5.0,5,B1051,-80.577366,28.5618571,1,0.0,0.0,0.0,0.0,0.0,0.0,0.0,0.0,0.0,0.0,1.0,1.0,0.0,0.0,0.0,0.0,1.0,0.0,0.0
74,75,2020,Falcon 9,15400.0,VLEO,CCAFS SLC 40,False ASDS,4,True,True,True,5e9e3032383ecb6bb234e7ca,5.0,3,B1056,-80.577366,28.5618571,0,0.0,0.0,0.0,0.0,0.0,0.0,0.0,0.0,0.0,0.0,1.0,1.0,0.0,0.0,0.0,0.0,1.0,0.0,0.0
75,76,2020,Falcon 9,1977.0,ISS,CCAFS SLC 40,True RTLS,2,True,True,True,5e9e3032383ecb267a34e7c7,5.0,3,B1059,-80.577366,28.5618571,1,0.0,0.0,0.0,0.0,1.0,0.0,0.0,0.0,0.0,0.0,0.0,1.0,0.0,0.0,1.0,0.0,0.0,0.0,0.0
76,77,2020,Falcon 9,15600.0,VLEO,KSC LC 39A,False ASDS,5,True,True,True,5e9e3032383ecb6bb234e7ca,5.0,4,B1048,-80.6039558,28.6080585,0,0.0,0.0,0.0,0.0,0.0,0.0,0.0,0.0,0.0,0.0,1.0,0.0,1.0,0.0,0.0,0.0,1.0,0.0,0.0
77,78,2020,Falcon 9,15400.0,VLEO,KSC LC 39A,True ASDS,4,True,True,True,5e9e3032383ecb6bb234e7ca,5.0,5,B1051,-80.6039558,28.6080585,1,0.0,0.0,0.0,0.0,0.0,0.0,0.0,0.0,0.0,0.0,1.0,0.0,1.0,0.0,0.0,0.0,1.0,0.0,0.0
78,79,2020,Falcon 9,9525.0,ISS,KSC LC 39A,True ASDS,1,True,False,True,5e9e3032383ecb6bb234e7ca,5.0,2,B1058,-80.6039558,28.6080585,1,0.0,0.0,0.0,0.0,1.0,0.0,0.0,0.0,0.0,0.0,0.0,0.0,1.0,0.0,0.0,0.0,1.0,0.0,0.0
79,80,2020,Falcon 9,15400.0,VLEO,CCAFS SLC 40,True ASDS,5,True,True,True,5e9e3033383ecbb9e534e7cc,5.0,5,B1049,-80.577366,28.5618571,1,0.0,0.0,0.0,0.0,0.0,0.0,0.0,0.0,0.0,0.0,1.0,1.0,0.0,0.0,0.0,0.0,0.0,0.0,1.0
80,81,2020,Falcon 9,15400.0,VLEO,CCAFS SLC 40,True ASDS,3,True,True,True,5e9e3032383ecb6bb234e7ca,5.0,3,B1059,-80.577366,28.5618571,1,0.0,0.0,0.0,0.0,0.0,0.0,0.0,0.0,0.0,0.0,1.0,1.0,0.0,0.0,0.0,0.0,1.0,0.0,0.0
81,82,2020,Falcon 9,3880.0,MEO,CCAFS SLC 40,True ASDS,1,True,False,True,5e9e3033383ecbb9e534e7cc,5.0,2,B1060,-80.577366,28.5618571,1,0.0,0.0,0.0,0.0,0.0,0.0,1.0,0.0,0.0,0.0,0.0,1.0,0.0,0.0,0.0,0.0,0.0,0.0,1.0
82,83,2020,Falcon 9,6104.959411764706,GEO,CCAFS SLC 40,True ASDS,2,True,True,True,5e9e3033383ecbb9e534e7cc,5.0,2,B1058,-80.577366,28.5618571,1,0.0,1.0,0.0,0.0,0.0,0.0,0.0,0.0,0.0,0.0,0.0,1.0,0.0,0.0,0.0,0.0,0.0,0.0,1.0
83,84,2020,Falcon 9,15400.0,VLEO,CCAFS SLC 40,True ASDS,6,True,True,True,5e9e3032383ecb6bb234e7ca,5.0,5,B1049,-80.577366,28.5618571,1,0.0,0.0,0.0,0.0,0.0,0.0,0.0,0.0,0.0,0.0,1.0,1.0,0.0,0.0,0.0,0.0,1.0,0.0,0.0
84,85,2020,Falcon 9,1600.0,SSO,CCAFS SLC 40,True RTLS,4,True,True,True,5e9e3032383ecb267a34e7c7,5.0,3,B1059,-80.577366,28.5618571,1,0.0,0.0,0.0,0.0,0.0,0.0,0.0,0.0,0.0,1.0,0.0,1.0,0.0,0.0,1.0,0.0,0.0,0.0,0.0
85,86,2020,Falcon 9,15400.0,VLEO,KSC LC 39A,True ASDS,2,True,True,True,5e9e3032383ecb6bb234e7ca,5.0,2,B1060,-80.6039558,28.6080585,1,0.0,0.0,0.0,0.0,0.0,0.0,0.0,0.0,0.0,0.0,1.0,0.0,1.0,0.0,0.0,0.0,1.0,0.0,0.0
86,87,2020,Falcon 9,15400.0,VLEO,KSC LC 39A,True ASDS,3,True,True,True,5e9e3032383ecb6bb234e7ca,5.0,2,B1058,-80.6039558,28.6080585,1,0.0,0.0,0.0,0.0,0.0,0.0,0.0,0.0,0.0,0.0,1.0,0.0,1.0,0.0,0.0,0.0,1.0,0.0,0.0
87,88,2020,Falcon 9,15400.0,VLEO,KSC LC 39A,True ASDS,6,True,True,True,5e9e3032383ecb6bb234e7ca,5.0,5,B1051,-80.6039558,28.6080585,1,0.0,0.0,0.0,0.0,0.0,0.0,0.0,0.0,0.0,0.0,1.0,0.0,1.0,0.0,0.0,0.0,1.0,0.0,0.0
88,89,2020,Falcon 9,15400.0,VLEO,CCAFS SLC 40,True ASDS,3,True,True,True,5e9e3033383ecbb9e534e7cc,5.0,2,B1060,-80.577366,28.5618571,1,0.0,0.0,0.0,0.0,0.0,0.0,0.0,0.0,0.0,0.0,1.0,1.0,0.0,0.0,0.0,0.0,0.0,0.0,1.0
89,90,2020,Falcon 9,3681.0,MEO,CCAFS SLC 40,True ASDS,1,True,False,True,5e9e3032383ecb6bb234e7ca,5.0,0,B1062,-80.577366,28.5618571,1,0.0,0.0,0.0,0.0,0.0,0.0,1.0,0.0,0.0,0.0,0.0,1.0,0.0,0.0,0.0,0.0,1.0,0.0,0.0
